{"a_x_scale":1.162560e-07,"a_y_scale":1.250716e-07,"a_z_scale":1.098590e-07,
  "v_roll_scale":1.078391e-07,"v_pitch_scale":1.264903e-07,
  "v_yaw_scale":1.203343e-07}